Maria Silva;maria.silva@gmail.com
Pedro Junior;p.junior@exemplo.com.br
Ana Souza;ana.souza@gmail.com
Carlos Lima;carlos.lima@exemplo.com
Fernanda Costa;fernanda.costa@gmail.com
João Oliveira;joao.oliveira@exemplo.com
Patricia Rocha;patricia.rocha@gmail.com
Lucas Martins;lucas.martins@exemplo.com
Juliana Alves;juliana.alves@gmail.com
Rafael Pereira;rafael.pereira@exemplo.com
Camila Santos;camila.santos@gmail.com
Bruno Fernandes;bruno.fernandes@exemplo.com
Larissa Gomes;larissa.gomes@gmail.com
Felipe Ramos;felipe.ramos@exemplo.com
Aline Barros;aline.barros@gmail.com
Ricardo Teixeira;ricardo.teixeira@exemplo.com
Vanessa Dias;vanessa.dias@gmail.com
Gabriel Cardoso;gabriel.cardoso@exemplo.com
Tatiane Freitas;tatiane.freitas@gmail.com
Eduardo Moreira;eduardo.moreira@exemplo.com
Mariana Ribeiro;mariana.ribeiro@gmail.com
Thiago Nunes;thiago.nunes@exemplo.com
Beatriz Melo;beatriz.melo@gmail.com
André Souza;andre.souza@exemplo.com
Renata Castro;renata.castro@gmail.com
Diego Azevedo;diego.azevedo@exemplo.com
Paula Mendes;paula.mendes@gmail.com
Rodrigo Cunha;rodrigo.cunha@exemplo.com
Simone Farias;simone.farias@gmail.com
Leandro Pires;leandro.pires@exemplo.com
Tatiana Lopes;tatiana.lopes@gmail.com
Marcelo Duarte;marcelo.duarte@exemplo.com
Cristina Braga;cristina.braga@gmail.com
Fábio Tavares;fabio.tavares@exemplo.com
Sabrina Martins;sabrina.martins@gmail.com
Gustavo Rocha;gustavo.rocha@exemplo.com
Priscila Lima;priscila.lima@gmail.com
Alexandre Silva;alexandre.silva@exemplo.com
Débora Almeida;debora.almeida@gmail.com
Vinicius Costa;vinicius.costa@exemplo.com
Letícia Souza;leticia.souza@gmail.com
Maurício Pinto;mauricio.pinto@exemplo.com
Elaine Barbosa;elaine.barbosa@gmail.com
Henrique Dias;henrique.dias@exemplo.com
Viviane Gomes;viviane.gomes@gmail.com
Sérgio Carvalho;sergio.carvalho@exemplo.com
Isabela Ramos;isabela.ramos@gmail.com
Otávio Fernandes;otavio.fernandes@exemplo.com
Natália Castro;natalia.castro@gmail.com
Cláudio Moreira;claudio.moreira@exemplo.com
Amanda Oliveira;amanda.oliveira@gmail.com
Roberto Lima;roberto.lima@exemplo.com
Jéssica Souza;jessica.souza@gmail.com
Murilo Santos;murilo.santos@exemplo.com
Carolina Rocha;carolina.rocha@gmail.com
Danilo Pereira;danilo.pereira@exemplo.com
Michele Alves;michele.alves@gmail.com
Wagner Martins;wagner.martins@exemplo.com
Daniela Costa;daniela.costa@gmail.com
Leonardo Silva;leonardo.silva@exemplo.com
Rafaela Mendes;rafaela.mendes@gmail.com
Bruna Cardoso;bruna.cardoso@exemplo.com
César Nunes;cesar.nunes@exemplo.com
Helena Freitas;helena.freitas@gmail.com
Rogério Ribeiro;rogerio.ribeiro@exemplo.com
Adriana Melo;adriana.melo@gmail.com
Vitor Souza;vitor.souza@exemplo.com
Mônica Teixeira;monica.teixeira@gmail.com
Samuel Castro;samuel.castro@exemplo.com
Luciana Lima;luciana.lima@gmail.com
Fernando Duarte;fernando.duarte@exemplo.com
Silvia Braga;silvia.braga@gmail.com
Matheus Tavares;matheus.tavares@exemplo.com
Patrícia Martins;patricia.martins@gmail.com
Rafael Rocha;rafael.rocha@exemplo.com
Juliana Lima;juliana.lima@gmail.com
Bruno Souza;bruno.souza@exemplo.com
Camila Santos;camila.santos@exemplo.com
Felipe Oliveira;felipe.oliveira@gmail.com
Larissa Costa;larissa.costa@exemplo.com
Lucas Pereira;lucas.pereira@gmail.com
Mariana Alves;mariana.alves@exemplo.com
Gabriel Ramos;gabriel.ramos@gmail.com
Aline Fernandes;aline.fernandes@exemplo.com
Ricardo Gomes;ricardo.gomes@gmail.com
Vanessa Rocha;vanessa.rocha@exemplo.com
Eduardo Lima;eduardo.lima@gmail.com
Tatiane Souza;tatiane.souza@exemplo.com
André Santos;andre.santos@gmail.com
Renata Oliveira;renata.oliveira@exemplo.com
Diego Costa;diego.costa@gmail.com
Paula Cardoso;paula.cardoso@exemplo.com
Rodrigo Mendes;rodrigo.mendes@gmail.com
Simone Ribeiro;simone.ribeiro@exemplo.com
Leandro Melo;leandro.melo@gmail.com
Tatiana Castro;tatiana.castro@exemplo.com
Marcelo Nunes;marcelo.nunes@gmail.com
Cristina Freitas;cristina.freitas@exemplo.com
Fábio Ribeiro;fabio.ribeiro@gmail.com
Sabrina Melo;sabrina.melo@exemplo.com
Gustavo Souza;gustavo.souza@gmail.com
Priscila Santos;priscila.santos@exemplo.com
Alexandre Lima;alexandre.lima@gmail.com
Débora Costa;debora.costa@exemplo.com
Vinicius Cardoso;vinicius.cardoso@gmail.com
Letícia Fernandes;leticia.fernandes@exemplo.com
Maurício Rocha;mauricio.rocha@gmail.com
Elaine Gomes;elaine.gomes@exemplo.com
Henrique Lima;henrique.lima@gmail.com
Viviane Souza;viviane.souza@exemplo.com
Sérgio Martins;sergio.martins@exemplo.com
Isabela Rocha;isabela.rocha@gmail.com
Otávio Castro;otavio.castro@exemplo.com
Natália Freitas;natalia.freitas@gmail.com
Cláudio Ribeiro;claudio.ribeiro@exemplo.com
Amanda Melo;amanda.melo@gmail.com
Roberto Souza;roberto.souza@exemplo.com
Jéssica Santos;jessica.santos@gmail.com
Murilo Lima;murilo.lima@exemplo.com
Carolina Cardoso;carolina.cardoso@gmail.com
Danilo Fernandes;danilo.fernandes@exemplo.com
Michele Rocha;michele.rocha@gmail.com
Wagner Gomes;wagner.gomes@exemplo.com
Daniela Lima;daniela.lima@gmail.com
Leonardo Cardoso;leonardo.cardoso@exemplo.com
Rafaela Castro;rafaela.castro@gmail.com
Bruna Freitas;bruna.freitas@exemplo.com
César Ribeiro;cesar.ribeiro@exemplo.com
Helena Melo;helena.melo@gmail.com
Rogério Souza;rogerio.souza@exemplo.com
Adriana Santos;adriana.santos@gmail.com
Vitor Lima;vitor.lima@exemplo.com
Mônica Cardoso;monica.cardoso@gmail.com
Samuel Fernandes;samuel.fernandes@exemplo.com
Luciana Rocha;luciana.rocha@gmail.com
Fernando Gomes;fernando.gomes@exemplo.com
Silvia Lima;silvia.lima@gmail.com
Matheus Cardoso;matheus.cardoso@exemplo.com
Patrícia Castro;patricia.castro@gmail.com
Rafael Freitas;rafael.freitas@exemplo.com
Juliana Souza;juliana.souza@gmail.com
Bruno Santos;bruno.santos@exemplo.com
Camila Lima;camila.lima@gmail.com
Felipe Cardoso;felipe.cardoso@exemplo.com
Larissa Fernandes;larissa.fernandes@exemplo.com
Lucas Rocha;lucas.rocha@gmail.com
Mariana Gomes;mariana.gomes@exemplo.com
Gabriel Lima;gabriel.lima@gmail.com
Aline Cardoso;aline.cardoso@exemplo.com
Ricardo Castro;ricardo.castro@gmail.com
Vanessa Freitas;vanessa.freitas@exemplo.com
Eduardo Souza;eduardo.souza@gmail.com
Tatiane Santos;tatiane.santos@exemplo.com
André Lima;andre.lima@gmail.com
Renata Cardoso;renata.cardoso@exemplo.com
Diego Fernandes;diego.fernandes@gmail.com
Paula Rocha;paula.rocha@exemplo.com
Rodrigo Gomes;rodrigo.gomes@gmail.com
Simone Lima;simone.lima@exemplo.com
Leandro Cardoso;leandro.cardoso@gmail.com
Tatiana Freitas;tatiana.freitas@exemplo.com
Marcelo Souza;marcelo.souza@gmail.com
Cristina Santos;cristina.santos@exemplo.com
Fábio Lima;fabio.lima@gmail.com
Sabrina Cardoso;sabrina.cardoso@exemplo.com
Gustavo Fernandes;gustavo.fernandes@gmail.com
Priscila Rocha;priscila.rocha@exemplo.com
Alexandre Gomes;alexandre.gomes@gmail.com
Débora Lima;debora.lima@exemplo.com
Vinicius Castro;vinicius.castro@gmail.com
Letícia Freitas;leticia.freitas@exemplo.com
Maurício Souza;mauricio.souza@gmail.com
Elaine Santos;elaine.santos@exemplo.com
Henrique Cardoso;henrique.cardoso@gmail.com
Viviane Fernandes;viviane.fernandes@exemplo.com
Sérgio Rocha;sergio.rocha@exemplo.com
Isabela Gomes;isabela.gomes@gmail.com
Otávio Lima;otavio.lima@exemplo.com
Natália Cardoso;natalia.cardoso@gmail.com
Cláudio Castro;claudio.castro@exemplo.com
Amanda Freitas;amanda.freitas@gmail.com
Roberto Cardoso;roberto.cardoso@exemplo.com
Jéssica Fernandes;jessica.fernandes@gmail.com
Murilo Rocha;murilo.rocha@exemplo.com
Carolina Gomes;carolina.gomes@gmail.com
Danilo Lima;danilo.lima@exemplo.com
Michele Cardoso;michele.cardoso@gmail.com
Wagner Castro;wagner.castro@exemplo.com
Daniela Freitas;daniela.freitas@gmail.com
Leonardo Souza;leonardo.souza@gmail.com
Rafaela Santos;rafaela.santos@exemplo.com
Bruna Lima;bruna.lima@gmail.com
César Cardoso;cesar.cardoso@exemplo.com
Helena Fernandes;helena.fernandes@gmail.com
Rogério Rocha;rogerio.rocha@exemplo.com
Adriana Gomes;adriana.gomes@gmail.com
Vitor Cardoso;vitor.cardoso@exemplo.com
Mônica Castro;monica.castro@gmail.com
Samuel Freitas;samuel.freitas@exemplo.com
Luciana Souza;luciana.souza@gmail.com
Fernando Santos;fernando.santos@exemplo.com
Silvia Cardoso;silvia.cardoso@gmail.com
Matheus Fernandes;matheus.fernandes@exemplo.com
Patrícia Rocha;patricia.rocha@gmail.com
Rafael Gomes;rafael.gomes@exemplo.com
Juliana Cardoso;juliana.cardoso@gmail.com
Bruno Castro;bruno.castro@exemplo.com
Camila Freitas;camila.freitas@gmail.com
Felipe Souza;felipe.souza@gmail.com
Larissa Santos;larissa.santos@exemplo.com
Lucas Lima;lucas.lima@gmail.com
Mariana Cardoso;mariana.cardoso@gmail.com
Gabriel Castro;gabriel.castro@exemplo.com
Aline Freitas;aline.freitas@gmail.com
Ricardo Souza;ricardo.souza@gmail.com
Vanessa Santos;vanessa.santos@gmail.com